Commit,High Confidence,Medium Confidence,Low Confidence,High Severity,Medium Severity,Low Severity,Unique CWEs
8bf5d4d493f56958eff1a7542ec6449388735d8b,5379,39,0,11,46,5361,https://cwe.mitre.org/data/definitions/78.html;https://cwe.mitre.org/data/definitions/259.html;https://cwe.mitre.org/data/definitions/327.html;https://cwe.mitre.org/data/definitions/330.html;https://cwe.mitre.org/data/definitions/377.html;https://cwe.mitre.org/data/definitions/502.html;https://cwe.mitre.org/data/definitions/605.html;https://cwe.mitre.org/data/definitions/703.html
f46ccff6cd0d6043b8dc817f258b5aee8a5a4443,5379,39,0,11,46,5361,https://cwe.mitre.org/data/definitions/78.html;https://cwe.mitre.org/data/definitions/259.html;https://cwe.mitre.org/data/definitions/327.html;https://cwe.mitre.org/data/definitions/330.html;https://cwe.mitre.org/data/definitions/377.html;https://cwe.mitre.org/data/definitions/502.html;https://cwe.mitre.org/data/definitions/605.html;https://cwe.mitre.org/data/definitions/703.html
5bb6e9514ce6136d89932ebb9ee7558ec05e7a0b,5376,39,0,11,46,5358,https://cwe.mitre.org/data/definitions/78.html;https://cwe.mitre.org/data/definitions/259.html;https://cwe.mitre.org/data/definitions/327.html;https://cwe.mitre.org/data/definitions/330.html;https://cwe.mitre.org/data/definitions/377.html;https://cwe.mitre.org/data/definitions/502.html;https://cwe.mitre.org/data/definitions/605.html;https://cwe.mitre.org/data/definitions/703.html
ba70d00e1c8fa55140773fc00616617c34af395d,5376,39,0,11,46,5358,https://cwe.mitre.org/data/definitions/78.html;https://cwe.mitre.org/data/definitions/259.html;https://cwe.mitre.org/data/definitions/327.html;https://cwe.mitre.org/data/definitions/330.html;https://cwe.mitre.org/data/definitions/377.html;https://cwe.mitre.org/data/definitions/502.html;https://cwe.mitre.org/data/definitions/605.html;https://cwe.mitre.org/data/definitions/703.html
892a4fc91f8952c451bf094d41d88b8c66546e26,5376,39,0,11,46,5358,https://cwe.mitre.org/data/definitions/78.html;https://cwe.mitre.org/data/definitions/259.html;https://cwe.mitre.org/data/definitions/327.html;https://cwe.mitre.org/data/definitions/330.html;https://cwe.mitre.org/data/definitions/377.html;https://cwe.mitre.org/data/definitions/502.html;https://cwe.mitre.org/data/definitions/605.html;https://cwe.mitre.org/data/definitions/703.html
3fb2c8dfcc8f52089cb48a1136d3e569d1ac73ff,5376,39,0,11,46,5358,https://cwe.mitre.org/data/definitions/78.html;https://cwe.mitre.org/data/definitions/259.html;https://cwe.mitre.org/data/definitions/327.html;https://cwe.mitre.org/data/definitions/330.html;https://cwe.mitre.org/data/definitions/377.html;https://cwe.mitre.org/data/definitions/502.html;https://cwe.mitre.org/data/definitions/605.html;https://cwe.mitre.org/data/definitions/703.html
f667a40ee20fc776c56764bad99f27a1d554703d,5376,39,0,11,46,5358,https://cwe.mitre.org/data/definitions/78.html;https://cwe.mitre.org/data/definitions/259.html;https://cwe.mitre.org/data/definitions/327.html;https://cwe.mitre.org/data/definitions/330.html;https://cwe.mitre.org/data/definitions/377.html;https://cwe.mitre.org/data/definitions/502.html;https://cwe.mitre.org/data/definitions/605.html;https://cwe.mitre.org/data/definitions/703.html
b1fd3463f1d47919235f86d01e4cda3822450868,5376,39,0,11,46,5358,https://cwe.mitre.org/data/definitions/78.html;https://cwe.mitre.org/data/definitions/259.html;https://cwe.mitre.org/data/definitions/327.html;https://cwe.mitre.org/data/definitions/330.html;https://cwe.mitre.org/data/definitions/377.html;https://cwe.mitre.org/data/definitions/502.html;https://cwe.mitre.org/data/definitions/605.html;https://cwe.mitre.org/data/definitions/703.html
24913d732d390139d15a582dafa9e0876c3c42bf,5376,39,0,11,46,5358,https://cwe.mitre.org/data/definitions/78.html;https://cwe.mitre.org/data/definitions/259.html;https://cwe.mitre.org/data/definitions/327.html;https://cwe.mitre.org/data/definitions/330.html;https://cwe.mitre.org/data/definitions/377.html;https://cwe.mitre.org/data/definitions/502.html;https://cwe.mitre.org/data/definitions/605.html;https://cwe.mitre.org/data/definitions/703.html
d3dc087b8e9aa665d47045550e5d9f2eddf8f512,5376,39,0,11,46,5358,https://cwe.mitre.org/data/definitions/78.html;https://cwe.mitre.org/data/definitions/259.html;https://cwe.mitre.org/data/definitions/327.html;https://cwe.mitre.org/data/definitions/330.html;https://cwe.mitre.org/data/definitions/377.html;https://cwe.mitre.org/data/definitions/502.html;https://cwe.mitre.org/data/definitions/605.html;https://cwe.mitre.org/data/definitions/703.html
2532d7b95d010e21c7432b4531a9ee33a721012e,5376,39,0,11,46,5358,https://cwe.mitre.org/data/definitions/78.html;https://cwe.mitre.org/data/definitions/259.html;https://cwe.mitre.org/data/definitions/327.html;https://cwe.mitre.org/data/definitions/330.html;https://cwe.mitre.org/data/definitions/377.html;https://cwe.mitre.org/data/definitions/502.html;https://cwe.mitre.org/data/definitions/605.html;https://cwe.mitre.org/data/definitions/703.html
ec095601914f7a0892cfdee2635c48d341ec492c,5376,39,0,11,46,5358,https://cwe.mitre.org/data/definitions/78.html;https://cwe.mitre.org/data/definitions/259.html;https://cwe.mitre.org/data/definitions/327.html;https://cwe.mitre.org/data/definitions/330.html;https://cwe.mitre.org/data/definitions/377.html;https://cwe.mitre.org/data/definitions/502.html;https://cwe.mitre.org/data/definitions/605.html;https://cwe.mitre.org/data/definitions/703.html
0c279a4888a87df6f24b302460733fd1ac63a855,5376,39,0,11,46,5358,https://cwe.mitre.org/data/definitions/78.html;https://cwe.mitre.org/data/definitions/259.html;https://cwe.mitre.org/data/definitions/327.html;https://cwe.mitre.org/data/definitions/330.html;https://cwe.mitre.org/data/definitions/377.html;https://cwe.mitre.org/data/definitions/502.html;https://cwe.mitre.org/data/definitions/605.html;https://cwe.mitre.org/data/definitions/703.html
c68188355abe824acafe32d212e41905d5964059,5376,39,0,11,46,5358,https://cwe.mitre.org/data/definitions/78.html;https://cwe.mitre.org/data/definitions/259.html;https://cwe.mitre.org/data/definitions/327.html;https://cwe.mitre.org/data/definitions/330.html;https://cwe.mitre.org/data/definitions/377.html;https://cwe.mitre.org/data/definitions/502.html;https://cwe.mitre.org/data/definitions/605.html;https://cwe.mitre.org/data/definitions/703.html
03439a1d118cb634bd1304c305fab5d833ab3a0c,5376,39,0,11,46,5358,https://cwe.mitre.org/data/definitions/78.html;https://cwe.mitre.org/data/definitions/259.html;https://cwe.mitre.org/data/definitions/327.html;https://cwe.mitre.org/data/definitions/330.html;https://cwe.mitre.org/data/definitions/377.html;https://cwe.mitre.org/data/definitions/502.html;https://cwe.mitre.org/data/definitions/605.html;https://cwe.mitre.org/data/definitions/703.html
1cc98c72fb1817a5dc0c208cb2d2f641273b0443,5376,39,0,11,46,5358,https://cwe.mitre.org/data/definitions/78.html;https://cwe.mitre.org/data/definitions/259.html;https://cwe.mitre.org/data/definitions/327.html;https://cwe.mitre.org/data/definitions/330.html;https://cwe.mitre.org/data/definitions/377.html;https://cwe.mitre.org/data/definitions/502.html;https://cwe.mitre.org/data/definitions/605.html;https://cwe.mitre.org/data/definitions/703.html
755299d0be793c553524859f1ee74204a59a119f,5376,39,0,11,46,5358,https://cwe.mitre.org/data/definitions/78.html;https://cwe.mitre.org/data/definitions/259.html;https://cwe.mitre.org/data/definitions/327.html;https://cwe.mitre.org/data/definitions/330.html;https://cwe.mitre.org/data/definitions/377.html;https://cwe.mitre.org/data/definitions/502.html;https://cwe.mitre.org/data/definitions/605.html;https://cwe.mitre.org/data/definitions/703.html
089e7de22fa4cfd6d54209b9a40ae3be76820f71,5376,39,0,11,46,5358,https://cwe.mitre.org/data/definitions/78.html;https://cwe.mitre.org/data/definitions/259.html;https://cwe.mitre.org/data/definitions/327.html;https://cwe.mitre.org/data/definitions/330.html;https://cwe.mitre.org/data/definitions/377.html;https://cwe.mitre.org/data/definitions/502.html;https://cwe.mitre.org/data/definitions/605.html;https://cwe.mitre.org/data/definitions/703.html
a0e64bb42b8783a83b2c80ccd899f32cb8691dc2,5376,39,0,11,46,5358,https://cwe.mitre.org/data/definitions/78.html;https://cwe.mitre.org/data/definitions/259.html;https://cwe.mitre.org/data/definitions/327.html;https://cwe.mitre.org/data/definitions/330.html;https://cwe.mitre.org/data/definitions/377.html;https://cwe.mitre.org/data/definitions/502.html;https://cwe.mitre.org/data/definitions/605.html;https://cwe.mitre.org/data/definitions/703.html
58eb2f2839270586d06f5a2390b7777ae8dfeeca,5376,39,0,11,46,5358,https://cwe.mitre.org/data/definitions/78.html;https://cwe.mitre.org/data/definitions/259.html;https://cwe.mitre.org/data/definitions/327.html;https://cwe.mitre.org/data/definitions/330.html;https://cwe.mitre.org/data/definitions/377.html;https://cwe.mitre.org/data/definitions/502.html;https://cwe.mitre.org/data/definitions/605.html;https://cwe.mitre.org/data/definitions/703.html
9482755b40ce69814eea6f65bfbd4c12d1878174,5376,39,0,11,46,5358,https://cwe.mitre.org/data/definitions/78.html;https://cwe.mitre.org/data/definitions/259.html;https://cwe.mitre.org/data/definitions/327.html;https://cwe.mitre.org/data/definitions/330.html;https://cwe.mitre.org/data/definitions/377.html;https://cwe.mitre.org/data/definitions/502.html;https://cwe.mitre.org/data/definitions/605.html;https://cwe.mitre.org/data/definitions/703.html
76f4309a6cbfc12d918c65b5bffdcf0d4bb691c6,5376,39,0,11,46,5358,https://cwe.mitre.org/data/definitions/78.html;https://cwe.mitre.org/data/definitions/259.html;https://cwe.mitre.org/data/definitions/327.html;https://cwe.mitre.org/data/definitions/330.html;https://cwe.mitre.org/data/definitions/377.html;https://cwe.mitre.org/data/definitions/502.html;https://cwe.mitre.org/data/definitions/605.html;https://cwe.mitre.org/data/definitions/703.html
c5c204f8b661bb1c9d183e17b37013ee222b2cbd,5376,39,0,11,46,5358,https://cwe.mitre.org/data/definitions/78.html;https://cwe.mitre.org/data/definitions/259.html;https://cwe.mitre.org/data/definitions/327.html;https://cwe.mitre.org/data/definitions/330.html;https://cwe.mitre.org/data/definitions/377.html;https://cwe.mitre.org/data/definitions/502.html;https://cwe.mitre.org/data/definitions/605.html;https://cwe.mitre.org/data/definitions/703.html
a91dc8f78e97f9be30e13c39e457e8e2a2651702,5376,39,0,11,46,5358,https://cwe.mitre.org/data/definitions/78.html;https://cwe.mitre.org/data/definitions/259.html;https://cwe.mitre.org/data/definitions/327.html;https://cwe.mitre.org/data/definitions/330.html;https://cwe.mitre.org/data/definitions/377.html;https://cwe.mitre.org/data/definitions/502.html;https://cwe.mitre.org/data/definitions/605.html;https://cwe.mitre.org/data/definitions/703.html
237d46722a0e56363c4a07dcf31e73fe4c2ea392,5376,39,0,11,46,5358,https://cwe.mitre.org/data/definitions/78.html;https://cwe.mitre.org/data/definitions/259.html;https://cwe.mitre.org/data/definitions/327.html;https://cwe.mitre.org/data/definitions/330.html;https://cwe.mitre.org/data/definitions/377.html;https://cwe.mitre.org/data/definitions/502.html;https://cwe.mitre.org/data/definitions/605.html;https://cwe.mitre.org/data/definitions/703.html
77f25a0a4da3cc20f4c5b6d12be9d273ea02f1df,5376,39,0,11,46,5358,https://cwe.mitre.org/data/definitions/78.html;https://cwe.mitre.org/data/definitions/259.html;https://cwe.mitre.org/data/definitions/327.html;https://cwe.mitre.org/data/definitions/330.html;https://cwe.mitre.org/data/definitions/377.html;https://cwe.mitre.org/data/definitions/502.html;https://cwe.mitre.org/data/definitions/605.html;https://cwe.mitre.org/data/definitions/703.html
b6ffb1d1a3b710c600f06c9d21cf62f75d324767,5376,39,0,11,46,5358,https://cwe.mitre.org/data/definitions/78.html;https://cwe.mitre.org/data/definitions/259.html;https://cwe.mitre.org/data/definitions/327.html;https://cwe.mitre.org/data/definitions/330.html;https://cwe.mitre.org/data/definitions/377.html;https://cwe.mitre.org/data/definitions/502.html;https://cwe.mitre.org/data/definitions/605.html;https://cwe.mitre.org/data/definitions/703.html
3d06cc14ad82ce4c207449b593955c23bd5e4d88,5376,39,0,11,46,5358,https://cwe.mitre.org/data/definitions/78.html;https://cwe.mitre.org/data/definitions/259.html;https://cwe.mitre.org/data/definitions/327.html;https://cwe.mitre.org/data/definitions/330.html;https://cwe.mitre.org/data/definitions/377.html;https://cwe.mitre.org/data/definitions/502.html;https://cwe.mitre.org/data/definitions/605.html;https://cwe.mitre.org/data/definitions/703.html
3d3fba23cf543f7185658f52097f21093bf64c7c,5375,39,0,11,46,5357,https://cwe.mitre.org/data/definitions/78.html;https://cwe.mitre.org/data/definitions/259.html;https://cwe.mitre.org/data/definitions/327.html;https://cwe.mitre.org/data/definitions/330.html;https://cwe.mitre.org/data/definitions/377.html;https://cwe.mitre.org/data/definitions/502.html;https://cwe.mitre.org/data/definitions/605.html;https://cwe.mitre.org/data/definitions/703.html
f295376baa5601f7574aea4791b02d3e88c03452,5375,39,0,11,46,5357,https://cwe.mitre.org/data/definitions/78.html;https://cwe.mitre.org/data/definitions/259.html;https://cwe.mitre.org/data/definitions/327.html;https://cwe.mitre.org/data/definitions/330.html;https://cwe.mitre.org/data/definitions/377.html;https://cwe.mitre.org/data/definitions/502.html;https://cwe.mitre.org/data/definitions/605.html;https://cwe.mitre.org/data/definitions/703.html
37e51d6de1338357707f603addfdc828590c844f,5375,39,0,11,46,5357,https://cwe.mitre.org/data/definitions/78.html;https://cwe.mitre.org/data/definitions/259.html;https://cwe.mitre.org/data/definitions/327.html;https://cwe.mitre.org/data/definitions/330.html;https://cwe.mitre.org/data/definitions/377.html;https://cwe.mitre.org/data/definitions/502.html;https://cwe.mitre.org/data/definitions/605.html;https://cwe.mitre.org/data/definitions/703.html
8844385b85e438518bc241817f0d9a868cd1340f,5375,39,0,11,46,5357,https://cwe.mitre.org/data/definitions/78.html;https://cwe.mitre.org/data/definitions/259.html;https://cwe.mitre.org/data/definitions/327.html;https://cwe.mitre.org/data/definitions/330.html;https://cwe.mitre.org/data/definitions/377.html;https://cwe.mitre.org/data/definitions/502.html;https://cwe.mitre.org/data/definitions/605.html;https://cwe.mitre.org/data/definitions/703.html
07d43433c1c370b82a1d6782b259e7e5c137ed52,5375,39,0,11,46,5357,https://cwe.mitre.org/data/definitions/78.html;https://cwe.mitre.org/data/definitions/259.html;https://cwe.mitre.org/data/definitions/327.html;https://cwe.mitre.org/data/definitions/330.html;https://cwe.mitre.org/data/definitions/377.html;https://cwe.mitre.org/data/definitions/502.html;https://cwe.mitre.org/data/definitions/605.html;https://cwe.mitre.org/data/definitions/703.html
d54b3e2712bb40644752f35787f701fef792f969,5375,39,0,11,46,5357,https://cwe.mitre.org/data/definitions/78.html;https://cwe.mitre.org/data/definitions/259.html;https://cwe.mitre.org/data/definitions/327.html;https://cwe.mitre.org/data/definitions/330.html;https://cwe.mitre.org/data/definitions/377.html;https://cwe.mitre.org/data/definitions/502.html;https://cwe.mitre.org/data/definitions/605.html;https://cwe.mitre.org/data/definitions/703.html
e5d6016c8054a9b31f777e01bd400aa26bd6730d,5375,39,0,11,46,5357,https://cwe.mitre.org/data/definitions/78.html;https://cwe.mitre.org/data/definitions/259.html;https://cwe.mitre.org/data/definitions/327.html;https://cwe.mitre.org/data/definitions/330.html;https://cwe.mitre.org/data/definitions/377.html;https://cwe.mitre.org/data/definitions/502.html;https://cwe.mitre.org/data/definitions/605.html;https://cwe.mitre.org/data/definitions/703.html
cf46479c43f80cca3eb06d04094e61b885e99a23,5375,39,0,11,46,5357,https://cwe.mitre.org/data/definitions/78.html;https://cwe.mitre.org/data/definitions/259.html;https://cwe.mitre.org/data/definitions/327.html;https://cwe.mitre.org/data/definitions/330.html;https://cwe.mitre.org/data/definitions/377.html;https://cwe.mitre.org/data/definitions/502.html;https://cwe.mitre.org/data/definitions/605.html;https://cwe.mitre.org/data/definitions/703.html
16e7f9124b5517dc5f4ef10e1a1fda9765342e36,5375,39,0,11,46,5357,https://cwe.mitre.org/data/definitions/78.html;https://cwe.mitre.org/data/definitions/259.html;https://cwe.mitre.org/data/definitions/327.html;https://cwe.mitre.org/data/definitions/330.html;https://cwe.mitre.org/data/definitions/377.html;https://cwe.mitre.org/data/definitions/502.html;https://cwe.mitre.org/data/definitions/605.html;https://cwe.mitre.org/data/definitions/703.html
2a55afeed7e769877d9f6f1eb7aab7ff595e1313,5375,39,0,11,46,5357,https://cwe.mitre.org/data/definitions/78.html;https://cwe.mitre.org/data/definitions/259.html;https://cwe.mitre.org/data/definitions/327.html;https://cwe.mitre.org/data/definitions/330.html;https://cwe.mitre.org/data/definitions/377.html;https://cwe.mitre.org/data/definitions/502.html;https://cwe.mitre.org/data/definitions/605.html;https://cwe.mitre.org/data/definitions/703.html
63eecf4bc6f55ac59cb7268f62ae6d06dc95ee9f,5375,39,0,11,46,5357,https://cwe.mitre.org/data/definitions/78.html;https://cwe.mitre.org/data/definitions/259.html;https://cwe.mitre.org/data/definitions/327.html;https://cwe.mitre.org/data/definitions/330.html;https://cwe.mitre.org/data/definitions/377.html;https://cwe.mitre.org/data/definitions/502.html;https://cwe.mitre.org/data/definitions/605.html;https://cwe.mitre.org/data/definitions/703.html
701ad1e4ffff8c2b95d3c7a870e6ef892680aa9d,5375,39,0,11,46,5357,https://cwe.mitre.org/data/definitions/78.html;https://cwe.mitre.org/data/definitions/259.html;https://cwe.mitre.org/data/definitions/327.html;https://cwe.mitre.org/data/definitions/330.html;https://cwe.mitre.org/data/definitions/377.html;https://cwe.mitre.org/data/definitions/502.html;https://cwe.mitre.org/data/definitions/605.html;https://cwe.mitre.org/data/definitions/703.html
19227023f4b1fed87df58e381ffbb3a695e63f9c,5375,39,0,11,46,5357,https://cwe.mitre.org/data/definitions/78.html;https://cwe.mitre.org/data/definitions/259.html;https://cwe.mitre.org/data/definitions/327.html;https://cwe.mitre.org/data/definitions/330.html;https://cwe.mitre.org/data/definitions/377.html;https://cwe.mitre.org/data/definitions/502.html;https://cwe.mitre.org/data/definitions/605.html;https://cwe.mitre.org/data/definitions/703.html
913b0a181cbc7c15daf9aec0f5d7f423d875ab6d,5375,39,0,11,46,5357,https://cwe.mitre.org/data/definitions/78.html;https://cwe.mitre.org/data/definitions/259.html;https://cwe.mitre.org/data/definitions/327.html;https://cwe.mitre.org/data/definitions/330.html;https://cwe.mitre.org/data/definitions/377.html;https://cwe.mitre.org/data/definitions/502.html;https://cwe.mitre.org/data/definitions/605.html;https://cwe.mitre.org/data/definitions/703.html
563277dc531e8a1976c5e4553e1c8d19f2ba2705,5375,39,0,11,46,5357,https://cwe.mitre.org/data/definitions/78.html;https://cwe.mitre.org/data/definitions/259.html;https://cwe.mitre.org/data/definitions/327.html;https://cwe.mitre.org/data/definitions/330.html;https://cwe.mitre.org/data/definitions/377.html;https://cwe.mitre.org/data/definitions/502.html;https://cwe.mitre.org/data/definitions/605.html;https://cwe.mitre.org/data/definitions/703.html
968f89522cb4a09c5ce2e694a9723e4b1f62e3ba,5375,39,0,11,46,5357,https://cwe.mitre.org/data/definitions/78.html;https://cwe.mitre.org/data/definitions/259.html;https://cwe.mitre.org/data/definitions/327.html;https://cwe.mitre.org/data/definitions/330.html;https://cwe.mitre.org/data/definitions/377.html;https://cwe.mitre.org/data/definitions/502.html;https://cwe.mitre.org/data/definitions/605.html;https://cwe.mitre.org/data/definitions/703.html
aa6f86f7b50d08e2d9284668d40527ba1f057ea5,5375,39,0,11,46,5357,https://cwe.mitre.org/data/definitions/78.html;https://cwe.mitre.org/data/definitions/259.html;https://cwe.mitre.org/data/definitions/327.html;https://cwe.mitre.org/data/definitions/330.html;https://cwe.mitre.org/data/definitions/377.html;https://cwe.mitre.org/data/definitions/502.html;https://cwe.mitre.org/data/definitions/605.html;https://cwe.mitre.org/data/definitions/703.html
0fc4bd5d4ab0049a5e0af9f39c530c232fcd14ec,5375,39,0,11,46,5357,https://cwe.mitre.org/data/definitions/78.html;https://cwe.mitre.org/data/definitions/259.html;https://cwe.mitre.org/data/definitions/327.html;https://cwe.mitre.org/data/definitions/330.html;https://cwe.mitre.org/data/definitions/377.html;https://cwe.mitre.org/data/definitions/502.html;https://cwe.mitre.org/data/definitions/605.html;https://cwe.mitre.org/data/definitions/703.html
d6311f6e746c3679bff838181b955a2ab22491e1,5375,39,0,11,46,5357,https://cwe.mitre.org/data/definitions/78.html;https://cwe.mitre.org/data/definitions/259.html;https://cwe.mitre.org/data/definitions/327.html;https://cwe.mitre.org/data/definitions/330.html;https://cwe.mitre.org/data/definitions/377.html;https://cwe.mitre.org/data/definitions/502.html;https://cwe.mitre.org/data/definitions/605.html;https://cwe.mitre.org/data/definitions/703.html
68fa4adcff02dc9bae559c1c3ec5e65e1959ce39,5375,39,0,11,46,5357,https://cwe.mitre.org/data/definitions/78.html;https://cwe.mitre.org/data/definitions/259.html;https://cwe.mitre.org/data/definitions/327.html;https://cwe.mitre.org/data/definitions/330.html;https://cwe.mitre.org/data/definitions/377.html;https://cwe.mitre.org/data/definitions/502.html;https://cwe.mitre.org/data/definitions/605.html;https://cwe.mitre.org/data/definitions/703.html
f52ec5cff68609b065ff33d9765eb8e253a4850d,5375,39,0,11,46,5357,https://cwe.mitre.org/data/definitions/78.html;https://cwe.mitre.org/data/definitions/259.html;https://cwe.mitre.org/data/definitions/327.html;https://cwe.mitre.org/data/definitions/330.html;https://cwe.mitre.org/data/definitions/377.html;https://cwe.mitre.org/data/definitions/502.html;https://cwe.mitre.org/data/definitions/605.html;https://cwe.mitre.org/data/definitions/703.html
41d0f00a1407ee0dc0cfab88dc1da54c25c0eac9,5375,39,0,11,46,5357,https://cwe.mitre.org/data/definitions/78.html;https://cwe.mitre.org/data/definitions/259.html;https://cwe.mitre.org/data/definitions/327.html;https://cwe.mitre.org/data/definitions/330.html;https://cwe.mitre.org/data/definitions/377.html;https://cwe.mitre.org/data/definitions/502.html;https://cwe.mitre.org/data/definitions/605.html;https://cwe.mitre.org/data/definitions/703.html
6940115ad856e9b342377dabb64d17117feb9939,5375,39,0,11,46,5357,https://cwe.mitre.org/data/definitions/78.html;https://cwe.mitre.org/data/definitions/259.html;https://cwe.mitre.org/data/definitions/327.html;https://cwe.mitre.org/data/definitions/330.html;https://cwe.mitre.org/data/definitions/377.html;https://cwe.mitre.org/data/definitions/502.html;https://cwe.mitre.org/data/definitions/605.html;https://cwe.mitre.org/data/definitions/703.html
db25d04852e3785b962804c548731cab42f0e55a,5375,39,0,11,46,5357,https://cwe.mitre.org/data/definitions/78.html;https://cwe.mitre.org/data/definitions/259.html;https://cwe.mitre.org/data/definitions/327.html;https://cwe.mitre.org/data/definitions/330.html;https://cwe.mitre.org/data/definitions/377.html;https://cwe.mitre.org/data/definitions/502.html;https://cwe.mitre.org/data/definitions/605.html;https://cwe.mitre.org/data/definitions/703.html
cbca681f45bf88a0457e38f43099824f8e410be1,5375,39,0,11,46,5357,https://cwe.mitre.org/data/definitions/78.html;https://cwe.mitre.org/data/definitions/259.html;https://cwe.mitre.org/data/definitions/327.html;https://cwe.mitre.org/data/definitions/330.html;https://cwe.mitre.org/data/definitions/377.html;https://cwe.mitre.org/data/definitions/502.html;https://cwe.mitre.org/data/definitions/605.html;https://cwe.mitre.org/data/definitions/703.html
6f941772b8d6ec0c1ce0282af7689e3756a571e3,5375,39,0,11,46,5357,https://cwe.mitre.org/data/definitions/78.html;https://cwe.mitre.org/data/definitions/259.html;https://cwe.mitre.org/data/definitions/327.html;https://cwe.mitre.org/data/definitions/330.html;https://cwe.mitre.org/data/definitions/377.html;https://cwe.mitre.org/data/definitions/502.html;https://cwe.mitre.org/data/definitions/605.html;https://cwe.mitre.org/data/definitions/703.html
5100eb537d7637f8909ee661416e6814338ae28b,5375,39,0,11,46,5357,https://cwe.mitre.org/data/definitions/78.html;https://cwe.mitre.org/data/definitions/259.html;https://cwe.mitre.org/data/definitions/327.html;https://cwe.mitre.org/data/definitions/330.html;https://cwe.mitre.org/data/definitions/377.html;https://cwe.mitre.org/data/definitions/502.html;https://cwe.mitre.org/data/definitions/605.html;https://cwe.mitre.org/data/definitions/703.html
86d5371264b443221d49ac0052b2e1d5b103a07f,5375,39,0,11,46,5357,https://cwe.mitre.org/data/definitions/78.html;https://cwe.mitre.org/data/definitions/259.html;https://cwe.mitre.org/data/definitions/327.html;https://cwe.mitre.org/data/definitions/330.html;https://cwe.mitre.org/data/definitions/377.html;https://cwe.mitre.org/data/definitions/502.html;https://cwe.mitre.org/data/definitions/605.html;https://cwe.mitre.org/data/definitions/703.html
b477779cc9abc98ca7b47649280c59bfbaf2701e,5375,39,0,11,46,5357,https://cwe.mitre.org/data/definitions/78.html;https://cwe.mitre.org/data/definitions/259.html;https://cwe.mitre.org/data/definitions/327.html;https://cwe.mitre.org/data/definitions/330.html;https://cwe.mitre.org/data/definitions/377.html;https://cwe.mitre.org/data/definitions/502.html;https://cwe.mitre.org/data/definitions/605.html;https://cwe.mitre.org/data/definitions/703.html
45de81da0d0122ab9a2e3a33ac88c7b60f2e8ef7,5375,39,0,11,46,5357,https://cwe.mitre.org/data/definitions/78.html;https://cwe.mitre.org/data/definitions/259.html;https://cwe.mitre.org/data/definitions/327.html;https://cwe.mitre.org/data/definitions/330.html;https://cwe.mitre.org/data/definitions/377.html;https://cwe.mitre.org/data/definitions/502.html;https://cwe.mitre.org/data/definitions/605.html;https://cwe.mitre.org/data/definitions/703.html
babd88d0c2963649a63098dad6ce477b2087bedb,5375,39,0,11,46,5357,https://cwe.mitre.org/data/definitions/78.html;https://cwe.mitre.org/data/definitions/259.html;https://cwe.mitre.org/data/definitions/327.html;https://cwe.mitre.org/data/definitions/330.html;https://cwe.mitre.org/data/definitions/377.html;https://cwe.mitre.org/data/definitions/502.html;https://cwe.mitre.org/data/definitions/605.html;https://cwe.mitre.org/data/definitions/703.html
c3db717aff91db45cf82f1acc7378e00ce51a7ac,5375,39,0,11,46,5357,https://cwe.mitre.org/data/definitions/78.html;https://cwe.mitre.org/data/definitions/259.html;https://cwe.mitre.org/data/definitions/327.html;https://cwe.mitre.org/data/definitions/330.html;https://cwe.mitre.org/data/definitions/377.html;https://cwe.mitre.org/data/definitions/502.html;https://cwe.mitre.org/data/definitions/605.html;https://cwe.mitre.org/data/definitions/703.html
72c83b664536815458a1a1450001bef049abe6a1,5375,39,0,11,46,5357,https://cwe.mitre.org/data/definitions/78.html;https://cwe.mitre.org/data/definitions/259.html;https://cwe.mitre.org/data/definitions/327.html;https://cwe.mitre.org/data/definitions/330.html;https://cwe.mitre.org/data/definitions/377.html;https://cwe.mitre.org/data/definitions/502.html;https://cwe.mitre.org/data/definitions/605.html;https://cwe.mitre.org/data/definitions/703.html
f438e64ea022892e72adba15ccd708ae40a2517e,5375,39,0,11,46,5357,https://cwe.mitre.org/data/definitions/78.html;https://cwe.mitre.org/data/definitions/259.html;https://cwe.mitre.org/data/definitions/327.html;https://cwe.mitre.org/data/definitions/330.html;https://cwe.mitre.org/data/definitions/377.html;https://cwe.mitre.org/data/definitions/502.html;https://cwe.mitre.org/data/definitions/605.html;https://cwe.mitre.org/data/definitions/703.html
18b24eae67617d8c6d3742909fefd2a1b3921b4d,5375,39,0,11,46,5357,https://cwe.mitre.org/data/definitions/78.html;https://cwe.mitre.org/data/definitions/259.html;https://cwe.mitre.org/data/definitions/327.html;https://cwe.mitre.org/data/definitions/330.html;https://cwe.mitre.org/data/definitions/377.html;https://cwe.mitre.org/data/definitions/502.html;https://cwe.mitre.org/data/definitions/605.html;https://cwe.mitre.org/data/definitions/703.html
b95d4fa92cdde9b130a74b35d7d39437c419e28c,5375,39,0,11,46,5357,https://cwe.mitre.org/data/definitions/78.html;https://cwe.mitre.org/data/definitions/259.html;https://cwe.mitre.org/data/definitions/327.html;https://cwe.mitre.org/data/definitions/330.html;https://cwe.mitre.org/data/definitions/377.html;https://cwe.mitre.org/data/definitions/502.html;https://cwe.mitre.org/data/definitions/605.html;https://cwe.mitre.org/data/definitions/703.html
a5ca135f3d6ae46f5a071011d0b1d281c8c4928d,5375,39,0,11,46,5357,https://cwe.mitre.org/data/definitions/78.html;https://cwe.mitre.org/data/definitions/259.html;https://cwe.mitre.org/data/definitions/327.html;https://cwe.mitre.org/data/definitions/330.html;https://cwe.mitre.org/data/definitions/377.html;https://cwe.mitre.org/data/definitions/502.html;https://cwe.mitre.org/data/definitions/605.html;https://cwe.mitre.org/data/definitions/703.html
8c124b51aaed4e6604c547ffbd0a99e172710a82,5375,39,0,11,46,5357,https://cwe.mitre.org/data/definitions/78.html;https://cwe.mitre.org/data/definitions/259.html;https://cwe.mitre.org/data/definitions/327.html;https://cwe.mitre.org/data/definitions/330.html;https://cwe.mitre.org/data/definitions/377.html;https://cwe.mitre.org/data/definitions/502.html;https://cwe.mitre.org/data/definitions/605.html;https://cwe.mitre.org/data/definitions/703.html
d704cacfbfd401771f8a6e91fb6722cebd4b2e0b,5375,39,0,11,46,5357,https://cwe.mitre.org/data/definitions/78.html;https://cwe.mitre.org/data/definitions/259.html;https://cwe.mitre.org/data/definitions/327.html;https://cwe.mitre.org/data/definitions/330.html;https://cwe.mitre.org/data/definitions/377.html;https://cwe.mitre.org/data/definitions/502.html;https://cwe.mitre.org/data/definitions/605.html;https://cwe.mitre.org/data/definitions/703.html
4cd103df7757c1df576adaa5e62eca2ef7680b01,5375,39,0,11,46,5357,https://cwe.mitre.org/data/definitions/78.html;https://cwe.mitre.org/data/definitions/259.html;https://cwe.mitre.org/data/definitions/327.html;https://cwe.mitre.org/data/definitions/330.html;https://cwe.mitre.org/data/definitions/377.html;https://cwe.mitre.org/data/definitions/502.html;https://cwe.mitre.org/data/definitions/605.html;https://cwe.mitre.org/data/definitions/703.html
539b217bf015b3d027c3b2201927d121796fd0ee,5375,39,0,11,46,5357,https://cwe.mitre.org/data/definitions/78.html;https://cwe.mitre.org/data/definitions/259.html;https://cwe.mitre.org/data/definitions/327.html;https://cwe.mitre.org/data/definitions/330.html;https://cwe.mitre.org/data/definitions/377.html;https://cwe.mitre.org/data/definitions/502.html;https://cwe.mitre.org/data/definitions/605.html;https://cwe.mitre.org/data/definitions/703.html
b3fa93eda90c08bbe19427b3bb21557358203354,5375,39,0,11,46,5357,https://cwe.mitre.org/data/definitions/78.html;https://cwe.mitre.org/data/definitions/259.html;https://cwe.mitre.org/data/definitions/327.html;https://cwe.mitre.org/data/definitions/330.html;https://cwe.mitre.org/data/definitions/377.html;https://cwe.mitre.org/data/definitions/502.html;https://cwe.mitre.org/data/definitions/605.html;https://cwe.mitre.org/data/definitions/703.html
0ada08659f68956bda47a302cff27dbaefc7d31a,5375,39,0,11,46,5357,https://cwe.mitre.org/data/definitions/78.html;https://cwe.mitre.org/data/definitions/259.html;https://cwe.mitre.org/data/definitions/327.html;https://cwe.mitre.org/data/definitions/330.html;https://cwe.mitre.org/data/definitions/377.html;https://cwe.mitre.org/data/definitions/502.html;https://cwe.mitre.org/data/definitions/605.html;https://cwe.mitre.org/data/definitions/703.html
3f07b7e790efe5d6a4a4effbb1999da0f6e39be6,5375,39,0,11,46,5357,https://cwe.mitre.org/data/definitions/78.html;https://cwe.mitre.org/data/definitions/259.html;https://cwe.mitre.org/data/definitions/327.html;https://cwe.mitre.org/data/definitions/330.html;https://cwe.mitre.org/data/definitions/377.html;https://cwe.mitre.org/data/definitions/502.html;https://cwe.mitre.org/data/definitions/605.html;https://cwe.mitre.org/data/definitions/703.html
095175b50bfdd5736dff795a87c43b937a8100d4,5375,39,0,11,46,5357,https://cwe.mitre.org/data/definitions/78.html;https://cwe.mitre.org/data/definitions/259.html;https://cwe.mitre.org/data/definitions/327.html;https://cwe.mitre.org/data/definitions/330.html;https://cwe.mitre.org/data/definitions/377.html;https://cwe.mitre.org/data/definitions/502.html;https://cwe.mitre.org/data/definitions/605.html;https://cwe.mitre.org/data/definitions/703.html
7b05cac4d04d5c72e3f60a9fc6399dd99cbae1f0,5375,39,0,11,46,5357,https://cwe.mitre.org/data/definitions/78.html;https://cwe.mitre.org/data/definitions/259.html;https://cwe.mitre.org/data/definitions/327.html;https://cwe.mitre.org/data/definitions/330.html;https://cwe.mitre.org/data/definitions/377.html;https://cwe.mitre.org/data/definitions/502.html;https://cwe.mitre.org/data/definitions/605.html;https://cwe.mitre.org/data/definitions/703.html
693e57f602a2d455a72582197987f48042464e55,5375,39,0,11,46,5357,https://cwe.mitre.org/data/definitions/78.html;https://cwe.mitre.org/data/definitions/259.html;https://cwe.mitre.org/data/definitions/327.html;https://cwe.mitre.org/data/definitions/330.html;https://cwe.mitre.org/data/definitions/377.html;https://cwe.mitre.org/data/definitions/502.html;https://cwe.mitre.org/data/definitions/605.html;https://cwe.mitre.org/data/definitions/703.html
c3f5fcaf6be4922fc6602eaac089071c2efcdba6,5375,39,0,11,46,5357,https://cwe.mitre.org/data/definitions/78.html;https://cwe.mitre.org/data/definitions/259.html;https://cwe.mitre.org/data/definitions/327.html;https://cwe.mitre.org/data/definitions/330.html;https://cwe.mitre.org/data/definitions/377.html;https://cwe.mitre.org/data/definitions/502.html;https://cwe.mitre.org/data/definitions/605.html;https://cwe.mitre.org/data/definitions/703.html
8aaaba3ec798327ab5ab52c977fb7395b56c54a4,5071,39,0,11,41,5058,https://cwe.mitre.org/data/definitions/78.html;https://cwe.mitre.org/data/definitions/259.html;https://cwe.mitre.org/data/definitions/327.html;https://cwe.mitre.org/data/definitions/330.html;https://cwe.mitre.org/data/definitions/377.html;https://cwe.mitre.org/data/definitions/502.html;https://cwe.mitre.org/data/definitions/605.html;https://cwe.mitre.org/data/definitions/703.html
a3a57167c918af1d1f1323177760e3ba8abcca5c,5072,39,0,11,41,5059,https://cwe.mitre.org/data/definitions/78.html;https://cwe.mitre.org/data/definitions/259.html;https://cwe.mitre.org/data/definitions/327.html;https://cwe.mitre.org/data/definitions/330.html;https://cwe.mitre.org/data/definitions/377.html;https://cwe.mitre.org/data/definitions/502.html;https://cwe.mitre.org/data/definitions/605.html;https://cwe.mitre.org/data/definitions/703.html
db56d743b2f11a8889938da4f044e73c0ad4bd30,5071,39,0,11,41,5058,https://cwe.mitre.org/data/definitions/78.html;https://cwe.mitre.org/data/definitions/259.html;https://cwe.mitre.org/data/definitions/327.html;https://cwe.mitre.org/data/definitions/330.html;https://cwe.mitre.org/data/definitions/377.html;https://cwe.mitre.org/data/definitions/502.html;https://cwe.mitre.org/data/definitions/605.html;https://cwe.mitre.org/data/definitions/703.html
5185f932407947fbbabd31c5dc6d72abc5c54171,5375,39,0,11,46,5357,https://cwe.mitre.org/data/definitions/78.html;https://cwe.mitre.org/data/definitions/259.html;https://cwe.mitre.org/data/definitions/327.html;https://cwe.mitre.org/data/definitions/330.html;https://cwe.mitre.org/data/definitions/377.html;https://cwe.mitre.org/data/definitions/502.html;https://cwe.mitre.org/data/definitions/605.html;https://cwe.mitre.org/data/definitions/703.html
d7e4e61607fb3e16ea2e93d4044b0538bae22d26,5067,39,0,11,41,5054,https://cwe.mitre.org/data/definitions/78.html;https://cwe.mitre.org/data/definitions/259.html;https://cwe.mitre.org/data/definitions/327.html;https://cwe.mitre.org/data/definitions/330.html;https://cwe.mitre.org/data/definitions/377.html;https://cwe.mitre.org/data/definitions/502.html;https://cwe.mitre.org/data/definitions/605.html;https://cwe.mitre.org/data/definitions/703.html
e45c3b8ea68e879493e6593d1097155ecc1878e2,5370,39,0,11,46,5352,https://cwe.mitre.org/data/definitions/78.html;https://cwe.mitre.org/data/definitions/259.html;https://cwe.mitre.org/data/definitions/327.html;https://cwe.mitre.org/data/definitions/330.html;https://cwe.mitre.org/data/definitions/377.html;https://cwe.mitre.org/data/definitions/502.html;https://cwe.mitre.org/data/definitions/605.html;https://cwe.mitre.org/data/definitions/703.html
86e21404c6681704f45aa31401959053a1b3b0df,5065,39,0,11,41,5052,https://cwe.mitre.org/data/definitions/78.html;https://cwe.mitre.org/data/definitions/259.html;https://cwe.mitre.org/data/definitions/327.html;https://cwe.mitre.org/data/definitions/330.html;https://cwe.mitre.org/data/definitions/377.html;https://cwe.mitre.org/data/definitions/502.html;https://cwe.mitre.org/data/definitions/605.html;https://cwe.mitre.org/data/definitions/703.html
8c96a62fca08313431afa6ff56f35626c1b97e8d,5066,39,0,11,41,5053,https://cwe.mitre.org/data/definitions/78.html;https://cwe.mitre.org/data/definitions/259.html;https://cwe.mitre.org/data/definitions/327.html;https://cwe.mitre.org/data/definitions/330.html;https://cwe.mitre.org/data/definitions/377.html;https://cwe.mitre.org/data/definitions/502.html;https://cwe.mitre.org/data/definitions/605.html;https://cwe.mitre.org/data/definitions/703.html
5afac5580cd40f1b20b56cc5892aa9c6125a482a,5063,39,0,11,41,5050,https://cwe.mitre.org/data/definitions/78.html;https://cwe.mitre.org/data/definitions/259.html;https://cwe.mitre.org/data/definitions/327.html;https://cwe.mitre.org/data/definitions/330.html;https://cwe.mitre.org/data/definitions/377.html;https://cwe.mitre.org/data/definitions/502.html;https://cwe.mitre.org/data/definitions/605.html;https://cwe.mitre.org/data/definitions/703.html
c80be677c02d9bb63b4e96a3fd5b8d29bd11f0c6,5064,39,0,11,41,5051,https://cwe.mitre.org/data/definitions/78.html;https://cwe.mitre.org/data/definitions/259.html;https://cwe.mitre.org/data/definitions/327.html;https://cwe.mitre.org/data/definitions/330.html;https://cwe.mitre.org/data/definitions/377.html;https://cwe.mitre.org/data/definitions/502.html;https://cwe.mitre.org/data/definitions/605.html;https://cwe.mitre.org/data/definitions/703.html
7b5d54a96c1dd1282e9a79f9fc8056c02ca91c6f,5368,39,0,11,46,5350,https://cwe.mitre.org/data/definitions/78.html;https://cwe.mitre.org/data/definitions/259.html;https://cwe.mitre.org/data/definitions/327.html;https://cwe.mitre.org/data/definitions/330.html;https://cwe.mitre.org/data/definitions/377.html;https://cwe.mitre.org/data/definitions/502.html;https://cwe.mitre.org/data/definitions/605.html;https://cwe.mitre.org/data/definitions/703.html
7c12b1a9c8b2a9e33fb559229a4c4695de39f08c,5367,39,0,11,46,5349,https://cwe.mitre.org/data/definitions/78.html;https://cwe.mitre.org/data/definitions/259.html;https://cwe.mitre.org/data/definitions/327.html;https://cwe.mitre.org/data/definitions/330.html;https://cwe.mitre.org/data/definitions/377.html;https://cwe.mitre.org/data/definitions/502.html;https://cwe.mitre.org/data/definitions/605.html;https://cwe.mitre.org/data/definitions/703.html
3680479df7b72d1fcef1c76abf80727553fe573f,5061,39,0,11,41,5048,https://cwe.mitre.org/data/definitions/78.html;https://cwe.mitre.org/data/definitions/259.html;https://cwe.mitre.org/data/definitions/327.html;https://cwe.mitre.org/data/definitions/330.html;https://cwe.mitre.org/data/definitions/377.html;https://cwe.mitre.org/data/definitions/502.html;https://cwe.mitre.org/data/definitions/605.html;https://cwe.mitre.org/data/definitions/703.html
99a373737135d924180121ca01500e479b52ba96,5060,39,0,11,41,5047,https://cwe.mitre.org/data/definitions/78.html;https://cwe.mitre.org/data/definitions/259.html;https://cwe.mitre.org/data/definitions/327.html;https://cwe.mitre.org/data/definitions/330.html;https://cwe.mitre.org/data/definitions/377.html;https://cwe.mitre.org/data/definitions/502.html;https://cwe.mitre.org/data/definitions/605.html;https://cwe.mitre.org/data/definitions/703.html
f38d51ca28e504cc8637093d53734abc998777ab,5057,39,0,11,41,5044,https://cwe.mitre.org/data/definitions/78.html;https://cwe.mitre.org/data/definitions/259.html;https://cwe.mitre.org/data/definitions/327.html;https://cwe.mitre.org/data/definitions/330.html;https://cwe.mitre.org/data/definitions/377.html;https://cwe.mitre.org/data/definitions/502.html;https://cwe.mitre.org/data/definitions/605.html;https://cwe.mitre.org/data/definitions/703.html
00700458eb7741f15861a8616dbf77a0d82dc31f,5364,39,0,11,46,5346,https://cwe.mitre.org/data/definitions/78.html;https://cwe.mitre.org/data/definitions/259.html;https://cwe.mitre.org/data/definitions/327.html;https://cwe.mitre.org/data/definitions/330.html;https://cwe.mitre.org/data/definitions/377.html;https://cwe.mitre.org/data/definitions/502.html;https://cwe.mitre.org/data/definitions/605.html;https://cwe.mitre.org/data/definitions/703.html
a818e51cbba7daf8c7cebd246d9a0ba214ebeba3,5361,39,0,11,46,5343,https://cwe.mitre.org/data/definitions/78.html;https://cwe.mitre.org/data/definitions/259.html;https://cwe.mitre.org/data/definitions/327.html;https://cwe.mitre.org/data/definitions/330.html;https://cwe.mitre.org/data/definitions/377.html;https://cwe.mitre.org/data/definitions/502.html;https://cwe.mitre.org/data/definitions/605.html;https://cwe.mitre.org/data/definitions/703.html
5d9d83065c8ce9a4fb6548cf8d5993f793315010,5057,39,0,11,41,5044,https://cwe.mitre.org/data/definitions/78.html;https://cwe.mitre.org/data/definitions/259.html;https://cwe.mitre.org/data/definitions/327.html;https://cwe.mitre.org/data/definitions/330.html;https://cwe.mitre.org/data/definitions/377.html;https://cwe.mitre.org/data/definitions/502.html;https://cwe.mitre.org/data/definitions/605.html;https://cwe.mitre.org/data/definitions/703.html
7f389138e7ac33687c7c486cde2d2056f9b0f6fe,5058,39,0,11,41,5045,https://cwe.mitre.org/data/definitions/78.html;https://cwe.mitre.org/data/definitions/259.html;https://cwe.mitre.org/data/definitions/327.html;https://cwe.mitre.org/data/definitions/330.html;https://cwe.mitre.org/data/definitions/377.html;https://cwe.mitre.org/data/definitions/502.html;https://cwe.mitre.org/data/definitions/605.html;https://cwe.mitre.org/data/definitions/703.html
3f07b1a38beffc350adbf51a605d27fe306de66c,5361,39,0,11,46,5343,https://cwe.mitre.org/data/definitions/78.html;https://cwe.mitre.org/data/definitions/259.html;https://cwe.mitre.org/data/definitions/327.html;https://cwe.mitre.org/data/definitions/330.html;https://cwe.mitre.org/data/definitions/377.html;https://cwe.mitre.org/data/definitions/502.html;https://cwe.mitre.org/data/definitions/605.html;https://cwe.mitre.org/data/definitions/703.html
51cdda86baead26080f774c400f81492b62022f6,5057,39,0,11,41,5044,https://cwe.mitre.org/data/definitions/78.html;https://cwe.mitre.org/data/definitions/259.html;https://cwe.mitre.org/data/definitions/327.html;https://cwe.mitre.org/data/definitions/330.html;https://cwe.mitre.org/data/definitions/377.html;https://cwe.mitre.org/data/definitions/502.html;https://cwe.mitre.org/data/definitions/605.html;https://cwe.mitre.org/data/definitions/703.html
7f8e2d35ad4d0d5fed82721060bafd1bafa264b8,5361,39,0,11,46,5343,https://cwe.mitre.org/data/definitions/78.html;https://cwe.mitre.org/data/definitions/259.html;https://cwe.mitre.org/data/definitions/327.html;https://cwe.mitre.org/data/definitions/330.html;https://cwe.mitre.org/data/definitions/377.html;https://cwe.mitre.org/data/definitions/502.html;https://cwe.mitre.org/data/definitions/605.html;https://cwe.mitre.org/data/definitions/703.html
b770b1ac2cde2ec77d234a04d771df4f7c573626,5058,39,0,11,41,5045,https://cwe.mitre.org/data/definitions/78.html;https://cwe.mitre.org/data/definitions/259.html;https://cwe.mitre.org/data/definitions/327.html;https://cwe.mitre.org/data/definitions/330.html;https://cwe.mitre.org/data/definitions/377.html;https://cwe.mitre.org/data/definitions/502.html;https://cwe.mitre.org/data/definitions/605.html;https://cwe.mitre.org/data/definitions/703.html
eb42db85a461f3cc883c3e41a43bb02c9b87e308,5057,39,0,11,41,5044,https://cwe.mitre.org/data/definitions/78.html;https://cwe.mitre.org/data/definitions/259.html;https://cwe.mitre.org/data/definitions/327.html;https://cwe.mitre.org/data/definitions/330.html;https://cwe.mitre.org/data/definitions/377.html;https://cwe.mitre.org/data/definitions/502.html;https://cwe.mitre.org/data/definitions/605.html;https://cwe.mitre.org/data/definitions/703.html
